Layer,1
Neuron,1
Weight,1,-0.9776816368103027
Weight,2,0.7279263734817505
Bias,1,-0.34997808933258057
Bias,2,-0.7084250450134277

Layer,2
Layer,3
Neuron,1
Weight,1,-0.2484244704246521
Neuron,2
Weight,1,0.1402471661567688
Bias,1,-0.4365987777709961

