Layer,1
Neuron,1
Weight,1,0.7702715396881104
Weight,2,-0.6603970527648926
Bias,1,0

Layer,2
Layer,3
Neuron,1
Weight,1,0.2845274806022644
Bias,1,-0.9085805416107178
Neuron,2
Weight,1,0.4752807021141052
Bias,2,0.6695194244384766

